{
  "id": "7652c140-f517-41e2-8dd9-2c8ce3bf9d04",
  "generation": 0,
  "iteration": 32,
  "timestamp": 1772735383.305381,
  "parent_id": "c238d76f-bdd2-4b3d-8c44-8f218d4e2153",
  "metrics": {
    "combined_score": -3858.9377830666663,
    "avg_e2e_ms": 2544.428949466667,
    "avg_p95_ms": 5173.446616666666,
    "cache_warmup_e2e_ms": 4176.0581344,
    "load_spikes_e2e_ms": 3277.508792,
    "multiturn_e2e_ms": 179.719922,
    "success_rate": 1.0,
    "num_successful": 3,
    "num_failed": 0,
    "artifacts": {
      "workload_results": {
        "cache_warmup": {
          "e2e_ms": 4176.0581344,
          "e2e_p95_ms": 7983.3859,
          "completed_requests": 5000,
          "ttft_mean_ms": 2129.5152224,
          "tokens_per_sec": 23511.957833700286
        },
        "load_spikes": {
          "e2e_ms": 3277.508792,
          "e2e_p95_ms": 7029.034949999999,
          "completed_requests": 5000,
          "ttft_mean_ms": 1407.849282,
          "tokens_per_sec": 32700.95974169436
        },
        "multiturn": {
          "e2e_ms": 179.719922,
          "e2e_p95_ms": 507.91899999999924,
          "completed_requests": 1500,
          "ttft_mean_ms": 19.960326666666667,
          "tokens_per_sec": 5932.118418316317
        }
      },
      "successful_workloads": 3,
      "failed_workloads": 0,
      "success_rate": "100%"
    }
  },
  "language": "python",
  "saved_at": 1772735678.93588,
  "baseline_metrics": {
    "cache_warmup_e2e_ms": 5580.2972272,
    "load_spikes_e2e_ms": 3211.6485326,
    "multiturn_e2e_ms": 160.21985666666666,
    "avg_e2e_ms": 2984.055205488889,
    "avg_p95_ms": 6012.5705666666645,
    "combined_score": -4498.312886077777
  }
}